ChIJZX0WHstC1moRLXkOhu2JKrE,Sportsgirl,(03) 9663 4855,http://www.sportsgirl.com.au/
ChIJObgyAmZq1moR5I5PX1_WRvk,Ally Fashion,(03) 8506 0667,https://allyfashion.com/
ChIJETjcjbVC1moRsDxCfgAd8_I,Sportsgirl,(03) 9654 5859,https://www.sportsgirl.com.au/
ChIJyUuab2hq1moRdLodY97TO3o,Supr√©,(03) 9569 5631,https://supre.com.au/
ChIJe_aTHOZb1moR87yw5Vn7DvM,Ally Fashion,(03) 9448 8054,https://allyfashion.com/
ChIJaYeImfFC1moRshVD2jWXGUo,Sportsgirl,(03) 9429 8657,http://www.sportsgirl.com.au/
ChIJV2UvpIJC1moRS-YBGiYIN38,Sportsgirl,(03) 9804 7077,https://www.sportsgirl.com.au/
ChIJAbmOYdZC1moRct8PDXEfkss,Sportsgirl,(03) 9349 3370,http://www.sportsgirl.com.au/
ChIJ3VMt1GZo1moRii6ZZxZ7mqA,Sportsgirl,(03) 8598 9211,https://www.sportsgirl.com.au/
ChIJ05Odd_ND1moR_QdDpv8AW2s,Sportsgirl Victoria Gardens,(03) 9427 1352,https://www.sportsgirl.com.au/
ChIJCQ1D8cpC1moRMZrg8pHbzK0,Dotti,(03) 9639 2781,https://www.dotti.com.au/?utm_source=google&utm_medium=organic&utm_campaign=google_business
ChIJ88neqota1moRXVhkXZ6HEiQ,Ally Fashion,(03) 9309 4768,https://www.allyfashion.com/?utm_source=google&utm_medium=organic&utm_campaign=local-listing
ChIJUxXt_yJo1moRvQ3DSnvGRgk,Sportsgirl Prahran,(03) 9510 4363,http://www.sportsgirl.com.au/
ChIJA-DSrE9d1moRcXCI1RnmAR4,Dotti,(03) 9642 4456,https://www.dotti.com.au/?utm_source=google&utm_medium=organic&utm_campaign=google_business
ChIJv3rX4cpC1moR20CPXrxvPRI,Ally Fashion,(03) 8640 0190,https://allyfashion.com/
ChIJS1w3ictd1moRPsv7Sc5vUH4,Ally Fashion,(03) 5201 0245,https://allyfashion.com/
ChIJl9E0HMxd1moR6lDIfSglfgo,Dotti,(03) 9318 8851,https://www.dotti.com.au/?utm_source=google&utm_medium=organic&utm_campaign=google_business
ChIJdZ0o9cpC1moRGsTljM9ZRK0,Forever New,(03) 9650 6897,https://www.forevernew.com.au/?utm_source=localmaps&utm_medium=organic&utm_campaign=melbourne-central
ChIJY_LST8pF1moRyJ7IP_XaOHk,Dotti,(03) 9478 1209,https://www.dotti.com.au/?utm_source=google&utm_medium=organic&utm_campaign=google_business
ChIJexsWDGhd1moRhIR5-1zKL1s,Ally Fashion,(03) 8640 0258,https://allyfashion.com/
ChIJY_LST8pF1moRNp6UX1MLkOY,Supre,(03) 9471 2806,https://www.northlandsc.com.au/stores/supre/
ChIJWUpfjMpC1moRXW6o8AdE72k,Supre,(03) 9663 9793,https://supre.com.au/
ChIJV9SM4spC1moRjHUAcOPw0Ew,Witchery,(03) 9639 4367,https://www.witchery.com.au/vic/melbourne/melbourne-central?utm_source=google&utm_medium=gmb&utm_content
ChIJ9drs_2Vq1moRgZCSbTg6hIo,Sportsgirl,(03) 9568 0025,http://www.sportsgirl.com.au/
ChIJ29S_DWhd1moRBYtrP3_V-8A,Cotton On,1800 420 176,http://cottonon.com/AU
ChIJzwoAq85d1moRvScJB-F61Jk,Supre,(03) 9317 8498,http://www.supre.com.au/
ChIJ4YmslH1b1moR2H0mEneddsE,Dotti,(03) 9379 4038,https://www.dotti.com.au/?utm_source=google&utm_medium=organic&utm_campaign=google_business
ChIJ17tnQ-JC1moRXYSx1-bMBpA,Sunny Girl,(03) 9419 1488,https://www.sunnygirl.com/
ChIJOZbgjcpC1moRMiuME8YHeRY,Sheike Melbourne Central,(03) 9650 6105,https://www.sheike.com.au/
ChIJvy9AU29q1moR3JNeUem_MzI,Forever New,(03) 9563 1814,https://www.forevernew.com.au/?utm_source=localmaps&utm_medium=organic&utm_campaign=chadstone
ChIJt8cL2yNs1moRd_8qXax2I-Q,Forever New,(03) 9583 2111,https://www.forevernew.com.au/?utm_source=localmaps&utm_medium=organic&utm_campaign=southland
ChIJY_LST8pF1moR7P1g8M1pDwI,Cotton On,(03) 9471 8023,http://cottonon.com/AU/?utm_source=google&utm_medium=places&utm_campaign=googleplaces
ChIJH9mdB-Zb1moRsFQ4pgATphQ,Valleygirl,(03) 9338 4577,http://www.valleygirl.com.au/
ChIJOZWkNeVO1moR-kVUTC7ytZA,Valleygirl Epping,(03) 9408 7399,http://www.valleygirl.com.au/
ChIJ8a6qps5d1moRlI7oj-v_-Sw,SHEIKE Highpoint,(03) 9318 8471,https://www.sheike.com.au/
ChIJ9yx3CbVC1moR55lSjXEXbzg,Cotton On Body,(03) 9639 0750,https://cottonon.com/AU/cottononbody/
ChIJ7RsUMfNH1moRsVvBhnhFRiE,The Girls on Anderson,(03) 9846 2297,
ChIJZQAwJlhd1moRXKkjFo0djg8,Dotti,(03) 9686 7174,https://www.dotti.com.au/?utm_source=google&utm_medium=organic&utm_campaign=google_business
ChIJ_ffUV29q1moRL9VJcSdjjBY,Dotti,(03) 9568 5607,https://www.dotti.com.au/?utm_source=google&utm_medium=organic&utm_campaign=google_business
ChIJF8VV6mVq1moRKcXXz7IUocU,Portmans,(03) 9569 5773,https://www.portmans.com.au/?utm_source=google&utm_medium=organic&utm_campaign=google_business
ChIJ1ft0Plhd1moRA4073uFLDPI,Supre,(03) 9696 7823,http://www.supre.com.au/?utm_source=google&utm_medium=places&utm_campaign=googleplaces
ChIJmQR19slC1moREpr7qf57WcI,Cotton On Body,(03) 9654 8548,https://cottonon.com/AU/store-finder/
ChIJgf1MgFNd1moRGte3cXbfY68,Forever New,(03) 9696 1146,https://www.forevernew.com.au/?utm_source=localmaps&utm_medium=organic&utm_campaign=crown-casino
ChIJYf-7h1NC1moR7LUA1zZJHvU,Cotton On,(03) 9428 0343,http://cottonon.com/AU/?utm_source=google&utm_medium=places&utm_campaign=googleplaces
ChIJbQK05FyP1moRZxOiKql8drA,Valleygirl,(03) 9731 6409,http://www.valleygirl.com.au/
ChIJN-u3k2dd1moRGVUkL0CXWdM,Cotton On Body,(03) 9640 0544,https://cottonon.com/AU/cottononbody/
ChIJ32wZ4T081moRx1WBit8xSX8,Valleygirl,(03) 9801 9845,https://www.valleygirl.com.au/
ChIJ1bfKS1tp1moRfOC3FuHZ6IE,Sportsgirl,(03) 9557 8183,https://www.sportsgirl.com.au/
ChIJiz5UY85d1moRKKW9bWdeimw,Sportsgirl,(03) 9318 3420,http://www.sportsgirl.com.au/
ChIJiz5UY85d1moRJRg9SJWF-zg,Valleygirl,(03) 9317 5566,http://www.valleygirl.com.au/
ChIJt8rLAfv11moRBswBgbAnxAw,Supre Watergardens,(03) 8390 8255,http://www.supre.com.au/
ChIJTQ9iHcpC1moRQFZYjtxqAbM,City Chic,(03) 9135 0378,http://www.citychic.com.au/
ChIJ_-bDSzVd1moRqr5bezsxV98,Cotton On Kids,(03) 9663 9721,http://cottonon.com/AU/shop-by-brand/cotton-on-kids/?region=AU
ChIJdw4mvspC1moRnBAZjVcxygU,Portmans,(03) 9639 1077,https://www.portmans.com.au/?utm_source=google&utm_medium=organic&utm_campaign=google_business
ChIJldBmAuhp1moR_-Co7rEz8DE,Sportsgirl,(03) 9509 3526,http://www.sportsgirl.com.au/
ChIJY_LST8pF1moR4GZ4iYqCFbE,Forever New,(03) 9002 2998,https://www.forevernew.com.au/?utm_source=localmaps&utm_medium=organic&utm_campaign=northland
ChIJhT_7d7VC1moRhohzzaqVstc,Myer Melbourne,(03) 8609 7500,https://www.myer.com.au/store-locator/melbourne-city-victoria?utm_source=gmb&utm_medium=organic&utm_campaign=gmb-website
ChIJr9twOU9d1moRZPIxX9O9u-k,Cotton On Kids,(03) 9602 5661,http://cottonon.com/AU/shop-by-brand/cotton-on-kids/?region=AU
ChIJhX4zE-lO1moRo4WFLqPQrsE,Noni B,(03) 9408 7390,https://www.nonib.com.au/
ChIJ1aObLtQ71moR82pAnJMmYVo,Sportsgirl,(03) 9847 0622,https://www.sportsgirl.com.au/
